{
	"partitions" : [
		{
			"name" : "Top",
			"pins" : [
				{
					"name" : "x_out[0]",
					"strict" : false
				},
				{
					"name" : "x_out[1]",
					"strict" : false
				},
				{
					"name" : "x_out[2]",
					"strict" : false
				},
				{
					"name" : "x_out[3]",
					"strict" : false
				},
				{
					"name" : "x_out[4]",
					"strict" : false
				},
				{
					"name" : "x_out[5]",
					"strict" : false
				},
				{
					"name" : "x_out[6]",
					"strict" : false
				},
				{
					"name" : "x_out[7]",
					"strict" : false
				},
				{
					"name" : "x_out[8]",
					"strict" : false
				},
				{
					"name" : "x_out[9]",
					"strict" : false
				},
				{
					"name" : "x_out[10]",
					"strict" : false
				},
				{
					"name" : "x_out[11]",
					"strict" : false
				},
				{
					"name" : "x_out[12]",
					"strict" : false
				},
				{
					"name" : "x_out[13]",
					"strict" : false
				},
				{
					"name" : "x_out[14]",
					"strict" : false
				},
				{
					"name" : "x_out[15]",
					"strict" : false
				},
				{
					"name" : "u_out[0]",
					"strict" : false
				},
				{
					"name" : "u_out[1]",
					"strict" : false
				},
				{
					"name" : "u_out[2]",
					"strict" : false
				},
				{
					"name" : "u_out[3]",
					"strict" : false
				},
				{
					"name" : "u_out[4]",
					"strict" : false
				},
				{
					"name" : "u_out[5]",
					"strict" : false
				},
				{
					"name" : "u_out[6]",
					"strict" : false
				},
				{
					"name" : "u_out[7]",
					"strict" : false
				},
				{
					"name" : "u_out[8]",
					"strict" : false
				},
				{
					"name" : "u_out[9]",
					"strict" : false
				},
				{
					"name" : "u_out[10]",
					"strict" : false
				},
				{
					"name" : "u_out[11]",
					"strict" : false
				},
				{
					"name" : "u_out[12]",
					"strict" : false
				},
				{
					"name" : "u_out[13]",
					"strict" : false
				},
				{
					"name" : "u_out[14]",
					"strict" : false
				},
				{
					"name" : "u_out[15]",
					"strict" : false
				},
				{
					"name" : "y_out[0]",
					"strict" : false
				},
				{
					"name" : "y_out[1]",
					"strict" : false
				},
				{
					"name" : "y_out[2]",
					"strict" : false
				},
				{
					"name" : "y_out[3]",
					"strict" : false
				},
				{
					"name" : "y_out[4]",
					"strict" : false
				},
				{
					"name" : "y_out[5]",
					"strict" : false
				},
				{
					"name" : "y_out[6]",
					"strict" : false
				},
				{
					"name" : "y_out[7]",
					"strict" : false
				},
				{
					"name" : "y_out[8]",
					"strict" : false
				},
				{
					"name" : "y_out[9]",
					"strict" : false
				},
				{
					"name" : "y_out[10]",
					"strict" : false
				},
				{
					"name" : "y_out[11]",
					"strict" : false
				},
				{
					"name" : "y_out[12]",
					"strict" : false
				},
				{
					"name" : "y_out[13]",
					"strict" : false
				},
				{
					"name" : "y_out[14]",
					"strict" : false
				},
				{
					"name" : "y_out[15]",
					"strict" : false
				},
				{
					"name" : "clk",
					"strict" : false
				},
				{
					"name" : "rst",
					"strict" : false
				},
				{
					"name" : "start",
					"strict" : false
				},
				{
					"name" : "u_in[0]",
					"strict" : false
				},
				{
					"name" : "x_in[0]",
					"strict" : false
				},
				{
					"name" : "y_in[0]",
					"strict" : false
				},
				{
					"name" : "y_in[1]",
					"strict" : false
				},
				{
					"name" : "u_in[1]",
					"strict" : false
				},
				{
					"name" : "x_in[1]",
					"strict" : false
				},
				{
					"name" : "y_in[15]",
					"strict" : false
				},
				{
					"name" : "u_in[15]",
					"strict" : false
				},
				{
					"name" : "x_in[15]",
					"strict" : false
				},
				{
					"name" : "y_in[14]",
					"strict" : false
				},
				{
					"name" : "u_in[14]",
					"strict" : false
				},
				{
					"name" : "x_in[14]",
					"strict" : false
				},
				{
					"name" : "y_in[13]",
					"strict" : false
				},
				{
					"name" : "u_in[13]",
					"strict" : false
				},
				{
					"name" : "x_in[13]",
					"strict" : false
				},
				{
					"name" : "y_in[12]",
					"strict" : false
				},
				{
					"name" : "u_in[12]",
					"strict" : false
				},
				{
					"name" : "x_in[12]",
					"strict" : false
				},
				{
					"name" : "y_in[11]",
					"strict" : false
				},
				{
					"name" : "u_in[11]",
					"strict" : false
				},
				{
					"name" : "x_in[11]",
					"strict" : false
				},
				{
					"name" : "y_in[10]",
					"strict" : false
				},
				{
					"name" : "u_in[10]",
					"strict" : false
				},
				{
					"name" : "x_in[10]",
					"strict" : false
				},
				{
					"name" : "y_in[9]",
					"strict" : false
				},
				{
					"name" : "u_in[9]",
					"strict" : false
				},
				{
					"name" : "x_in[9]",
					"strict" : false
				},
				{
					"name" : "y_in[8]",
					"strict" : false
				},
				{
					"name" : "u_in[8]",
					"strict" : false
				},
				{
					"name" : "x_in[8]",
					"strict" : false
				},
				{
					"name" : "y_in[7]",
					"strict" : false
				},
				{
					"name" : "u_in[7]",
					"strict" : false
				},
				{
					"name" : "x_in[7]",
					"strict" : false
				},
				{
					"name" : "y_in[6]",
					"strict" : false
				},
				{
					"name" : "u_in[6]",
					"strict" : false
				},
				{
					"name" : "x_in[6]",
					"strict" : false
				},
				{
					"name" : "y_in[5]",
					"strict" : false
				},
				{
					"name" : "u_in[5]",
					"strict" : false
				},
				{
					"name" : "x_in[5]",
					"strict" : false
				},
				{
					"name" : "y_in[4]",
					"strict" : false
				},
				{
					"name" : "u_in[4]",
					"strict" : false
				},
				{
					"name" : "x_in[4]",
					"strict" : false
				},
				{
					"name" : "y_in[3]",
					"strict" : false
				},
				{
					"name" : "u_in[3]",
					"strict" : false
				},
				{
					"name" : "x_in[3]",
					"strict" : false
				},
				{
					"name" : "y_in[2]",
					"strict" : false
				},
				{
					"name" : "u_in[2]",
					"strict" : false
				},
				{
					"name" : "x_in[2]",
					"strict" : false
				}
			]
		}
	]
}